ZNF382,STAT3,-1
MEF2A,NRF1,1
HDAC2,COL1A2,-1
SMAD4,TNC,1
CDX2,IGFBP3,-1
STAT2,NOS2,1
EGR1,SOD1,1
STAT1,IFNA1,-1
ESR1,KDR,1
SP1,CCND1,1
IRF3,IFNA1,1
RELA,PPARD,-1
SRF,SERPINE1,-1
AR,JUN,1
VDR,IGFBP3,-1
MYC,TP53,1
EP300,BRCA1,1
GATA4,IL5,1
SP1,KDR,-1
EZH2,CCNE1,1
ESR1,AR,1
GATA3,MUC1,1
YBX1,EGFR,1
HES1,ASCL1,-1
YY1,TP53,1
HIF1A,XPC,1
TP53,MMP2,1
USF1,APC,1
BRCA1,HSPA5,-1
ETS2,MMP9,1
CEBPD,CYP19A1,-1
VHL,AR,1
MEF2D,ATF3,1
ZBTB7A,CDKN2A,-1
TP53,TNFRSF10B,1
DNMT1,CXCR4,-1
RELA,ABCA1,-1
TFAP2A,CD82,1
HDAC1,IL2,-1
STAT5A,CCND2,-1
ESRRA,CYP19A1,1
APEX1,CCL2,1
STAT3,LEP,1
STAT3,HSPA4,1
TFAP2A,PTEN,1
MYC,TERT,1
SP1,TNFSF10,-1
STAT3,GAST,1
PAX5,LEF1,1
FOXO3,TNFSF10,1
RB1,DNMT3A,-1
FOXO1,CDKN1B,1
ATF3,MMP2,-1
ILF3,PLAU,1
GLI2,CDH1,-1
EGR1,ATF3,1
SREBF2,HNF4A,-1
SIRT1,MCL1,1
EP300,NR0B2,1
SATB1,CYBB,-1
SP1,VIM,1
IRF1,CCNB1,-1
SNAI1,CDH1,-1
NFKB1,SOD2,1
E2F1,CDKN2A,1
TP53,PMAIP1,1
NFKB1,CFTR,1
SP1,MDM2,1
XBP1,HSPA5,1
MYCN,TP53,1
EGR1,MYB,-1
JUND,CCND1,1
USF1,FOXA2,1
EGR1,FGF2,1
HNF4A,NR1I2,1
ING4,CDKN1A,1
KLF4,VDR,-1
ING4,CDKN1B,1
RELA,COL1A2,-1
TWIST1,TIMP1,-1
HDAC9,TP53,-1
GATA3,CDH1,1
EPAS1,MSC,1
HMGA2,CDH1,1
RARA,HSD17B2,1
GATA3,STAT4,-1
YY1,PCNA,1
RELA,CDK4,1
RELA,CDK6,1
EPAS1,MMP14,1
ETV4,CCND2,1
WT1,MYB,-1
EZH2,PCNA,1
PGR,CYP19A1,-1
RELA,TIMP1,-1
MYC,CXCR4,1
PPARG,RARB,1
ETV4,PTGS2,1
TP53,STAT3,-1
NPM1,CDKN1A,1
TP63,BAX,1
TP53,CDKN1A,1
PBX1,NANOG,1
NR3C1,TP53,-1
NR0B1,NR1H4,-1
CEBPB,XBP1,1
ATF3,IFNG,1
NANOG,CDK6,-1
NR1I2,IL10,1
RELA,CXCL10,1
CTNNB1,MMP14,1
NFKB1,SELE,1
SP1,CCL2,1
NFKB1,FASLG,1
APC,DNMT1,-1
MSX1,HEY1,1
KLF2,CDKN1A,1
TWIST2,NF1,-1
NR5A2,HSD3B2,1
FOSL2,MYB,1
AR,CDH1,-1
UHRF1,PPARG,-1
ESR1,BTG2,-1
STAT1,IRF1,1
JUND,FOSL1,1
STAT1,IRF7,1
VDR,EGFR,-1
STAT1,IRF8,1
BCL6,NFKB1,-1
SP3,LPL,1
E2F1,HMGA1,1
ATM,MCL1,1
RELA,LPL,1
HIF1A,MMP2,-1
PPARG,TP53,1
YBX1,FAS,-1
EGR1,PLAU,1
SP1,CA9,1
GATA4,NPPA,1
FLI1,TERT,1
SP1,SOX9,1
MTA1,PTEN,-1
SMAD7,CDKN1A,-1
ETS2,MDM2,1
PPARA,CYP1A1,1
EAPP,CDKN2A,-1
SREBF1,BCL2L1,-1
RELA,CFLAR,1
GATA6,PLAU,-1
ATF2,TNF,1
SP1,HSD17B2,1
SP3,HBEGF,1
YBX1,SKP2,-1
SNAI2,CD44,1
MITF,BCL2A1,-1
TCF4,MYC,1
HDAC9,NFKB1,-1
FOSL2,BRCA1,1
KLF8,MMP9,1
PITX1,NKX3-1,-1
ATF2,KAT5,-1
ESR1,BCL2,1
JUNB,LOR,-1
NR1I2,NFKB1,-1
ESR1,JUN,1
EGR1,CXCL8,-1
NFKB1,MMP14,1
JUN,ABCB1,1
FOS,MYC,-1
RELA,FASLG,1
REL,SOD2,1
SIRT1,FOXO3,-1
CIITA,COL1A2,-1
USF1,HMOX1,1
SP1,TNC,1
SP1,TNF,1
CEBPB,SLC19A1,1
STAT1,MUC4,1
PML,NR4A1,-1
CREM,DUSP1,-1
PARP1,CDH1,1
SREBF1,NR0B2,1
SIRT1,TP53,-1
JUN,ETS1,1
PAX5,BAX,1
ING4,PTGS2,-1
KAT2B,IRF7,-1
ATF4,DDIT3,1
TWIST2,FOS,1
MYC,IFNA1,-1
ETS2,ICAM1,1
RUNX3,TCF4,1
PPARG,MMP9,-1
HDAC9,HSPA5,-1
SIRT1,TNFRSF10B,-1
MYC,TNFRSF10B,1
EP300,IL12B,1
IRF3,CXCL10,1
SP1,KLK3,1
RELA,MMP14,1
CREB1,NR2F1,-1
WT1,ETS1,1
E2F1,AR,1
SP1,ABCA1,1
IRF1,CYBB,1
JUN,BRCA1,1
RB1,PCNA,-1
NR2F1,SERPINC1,-1
ETS1,MMP13,1
TWIST1,FN1,1
RUNX3,CASP3,1
NR0B1,NR5A1,-1
TCF4,PTEN,-1
SP1,THBD,1
HIC1,MYC,-1
ETS1,MUC4,1
RELA,CCND2,1
TWIST2,RUNX2,-1
HDAC2,TWIST1,-1
YY1,FCER1A,1
HNF4A,MYC,1
ETS2,IL5,1
MYC,FASLG,1
AR,HMOX1,1
SP3,TFF1,1
E2F1,FOXM1,1
NFKB1,CXCL10,1
ESR1,PGR,1
CEBPB,CYP19A1,-1
JUN,IFNG,1
HDAC5,FGF2,-1
SP3,NOS3,1
HDGF,VEGFA,1
RELA,BCL2,1
PITX1,JUN,-1
DDIT3,IL6,1
FOXP3,IL2,-1
CREM,FOS,-1
TP73,TERT,-1
CDX2,PTGS2,-1
GATA3,ZEB1,1
ZNF300,CDKN1A,-1
JUN,NOX5,1
PPARG,PTEN,1
NFKB1,NCAM1,1
NR1H4,NR1I2,1
ESR1,TERT,1
EGR1,TNFSF10,-1
PGR,PTGS2,-1
KLF8,FN1,-1
CEBPE,GATA1,-1
DDIT3,NOS3,-1
PPARG,CSF1,-1
SNAI2,CXCR4,1
TP53,BAX,1
STAT3,ETV6,1
USF1,CIITA,1
MYCN,BAX,1
ING4,TP53,1
TAL1,ERG,1
PROX1,CDKN1B,1
FOXA2,MMP7,1
ING4,CASP3,1
ETS1,TERT,-1
IRF1,IFNB1,1
DNMT1,TNFRSF10B,-1
IRF1,CD40,1
RUNX3,CFLAR,-1
STAT3,ESR2,1
SIRT2,AFP,1
NFKB1,IL1B,1
SNAI1,THBS1,-1
SP1,ALOX5,1
FOXO3,FOXM1,-1
TP53,ATF3,1
CEBPB,CXCL8,1
GATA4,CCND2,1
KLF2,PPARG,-1
NPM1,ATF5,-1
EPAS1,SERPINE1,1
ESR1,CYP1A1,-1
CEBPB,IL4,1
CEBPB,IL6,1
HDAC1,HSPA5,-1
EZH2,MYC,-1
RB1,TFDP1,-1
ZFP36,CXCL8,-1
TWIST1,MMP2,1
TWIST1,CD44,1
SRF,PLAU,1
SP3,ERBB2,1
NFKB2,HIF1A,-1
E2F1,ATM,1
STAT1,MUC1,1
IRF9,PML,1
NFKBIA,NOS2,-1
RELA,TNF,1
STAT3,FOS,1
ETS1,MMP9,1
TRERF1,CD80,-1
ETS1,MMP1,1
ATF3,SELE,-1
ZNF148,GAST,1
CREBBP,IL4,1
TWIST2,MYB,-1
SRY,SOX9,1
AIP,TFF1,-1
SOX6,TP53,1
PAX5,MYCN,1
TFAP2A,BCL2,-1
IRF4,IRF3,-1
ESR2,SERPINE1,-1
RELA,BCL2A1,1
SPI1,CSF3R,1
PPARG,BCL2L1,-1
SP3,SOX18,-1
ABL1,TP53,1
CDX2,KLF4,1
MTA1,CDH1,-1
RELA,BRCA2,1
RBL2,BRCA1,-1
GATA2,CYBB,-1
HDAC4,VEGFA,-1
IRF9,NCAM1,1
STAT3,BCL6,1
ETV4,MMP7,1
EP300,CDKN1A,1
SIRT1,MYC,-1
RUNX2,MMP13,1
BRCA1,EGFR,-1
GATA2,SPI1,-1
SATB1,SPI1,1
HDGF,FAS,1
KLF2,CXCR4,-1
TNFAIP3,IRF7,-1
TWIST1,NF1,-1
RUNX3,ING1,1
TWIST2,ICAM1,1
STAT3,HIF1A,1
NFKBIA,FAS,-1
STAT6,COL1A2,1
SP1,NOS3,1
TP53,MMP1,-1
NR1H4,INS,1
ETV4,ERBB2,-1
TSC22D3,CCND1,1
IRF1,CDKN1A,-1
JUN,PLAUR,1
SPI1,BCL6,-1
SREBF1,FAS,1
ZNF382,CDK6,-1
TP53,THBS1,1
SP3,HDAC4,1
STAT3,PTEN,1
MYC,TP73,1
SIRT1,CDKN1A,-1
SOX9,SOX10,-1
SP1,CDKN1A,1
PPARD,PDK4,1
NKX2-5,GATA4,1
TWIST1,GDF15,1
STAT1,NOX5,1
GATA3,CDX2,1
STAT4,MYC,1
KLF6,PMAIP1,1
JUND,GADD45A,1
AR,NFKB1,-1
MECP2,TFF1,-1
STAT3,TGFB1,1
RELA,PTGS2,1
RUNX2,MMP2,1
TCF4,VEGFA,1
FOXA2,SERPINC1,-1
KAT2B,CDKN1A,1
FOXD3,SPP1,1
RELA,JUNB,1
APC,MYC,-1
JUN,AR,-1
ETS1,TFAP2A,1
SP1,RARA,1
ESR1,CTNNB1,-1
HDAC4,MEF2A,-1
HDAC7,CDKN1A,1
RBL1,CCNA2,-1
HDAC3,CDH1,-1
SP3,YY1,1
NFKBIA,CD40,-1
DDIT3,TNFRSF10B,1
TFAP2A,VEGFA,1
ZFHX3,MYB,-1
NFKB1,HBEGF,1
YY1,NF1,1
NFATC1,SP1,-1
JUN,IL2,-1
JUN,IL6,1
HIF1A,CDH1,-1
GATA2,NOS3,1
BRCA1,IGF1,-1
ARNT,FOS,-1
REST,OPRM1,-1
CIITA,IL4,-1
ATF4,HSPA5,-1
KLF4,MMP2,1
CREBBP,CREB1,1
GATA2,EPO,-1
CREB1,NR5A2,1
HIPK2,VEGFA,-1
NFATC1,ICAM1,1
HDAC2,KLF4,-1
JUN,VEGFA,-1
RELA,PLAU,1
NR2F1,CYP17A1,-1
YY1,IL4,1
YY1,IL5,1
HDAC1,RARB,-1
EP300,IGFBP3,1
ETS1,TNC,1
RB1,MYC,-1
NFYA,CCND2,1
REL,CDKN1A,1
RUNX2,SNAI2,1
TP73,PMAIP1,1
SMAD3,TNC,1
SP1,IL10,1
SP1,LDHA,1
AHR,UGT1A1,1
HDGF,CDH1,-1
KLF4,SOD1,-1
ETS2,CXCL8,1
HIF1A,E2F3,1
E2F1,BIRC5,1
NFKBIA,IL1B,-1
PML,CCND1,-1
IRF8,NF1,1
STAT3,IL2,1
TWIST1,MYB,-1
SP1,TIMP1,1
DNMT1,TERT,1
ATM,PMAIP1,-1
FOXA2,NR5A2,1
MYC,CEBPA,-1
TP53,BIRC5,-1
USF2,HMOX1,1
ERCC2,BCL2,-1
MYC,FOXM1,1
NRF1,CXCR4,1
ETV4,VIM,1
KLF10,CDKN1A,1
STAT6,STAT1,-1
CTCF,BCL6,-1
PITX1,RUNX2,-1
JUN,VCAM1,1
FOXL2,SIRT1,1
HIC1,STAT3,1
STAT3,BIRC5,1
FOXP2,MET,-1
SP1,MET,1
TWIST2,NR2F1,1
NF1,FOS,1
RELA,EPAS1,1
JUN,PTGS2,1
CREB1,MUC5AC,1
ETS1,MDM2,-1
STAT3,MMP9,-1
RELA,ABCB1,1
NR0B1,CYP17A1,-1
WWTR1,SMAD3,1
HDAC1,SPP1,-1
RARA,RARB,1
EZH2,HDAC1,-1
TNFAIP3,NFKB1,-1
SP1,SREBF1,1
SMAD3,FOXP3,1
STAT3,OPRM1,1
TP73,CDKN1A,1
TWIST1,YBX1,1
TFAP4,CDKN1A,1
KLF2,THBD,1
BCL6,IRF4,-1
ZNF382,MYC,-1
RELA,CCL2,1
PARP1,VIM,1
MYB,CSF3R,-1
RELA,FOXP3,1
HDAC9,RELA,-1
SNAI1,VDR,-1
TP53,GDF15,1
TWIST2,FN1,1
EZH2,SATB1,-1
VDR,CXCL8,1
CTCF,TERT,-1
CEBPA,HSPA4,1
NFKB1,CD80,1
PARP1,SNAI1,-1
EZH2,CDH1,-1
TBP,FOS,1
TFAP2A,ETS1,1
KLF8,MMP14,1
WT1,VEGFA,1
E2F4,PPARG,-1
BRCA1,EP300,1
NFKB1,IFNG,1
SMARCA4,CD44,-1
HDAC2,CCNE1,-1
HMGA1,CDH1,-1
USF2,SLC19A1,1
EGR1,RBL2,1
NFKB2,CDK6,1
EP300,CA9,1
ZEB2,VIM,1
PPARD,SOD1,1
FOS,SMAD7,1
SP1,CCNA2,-1
RELA,VEGFA,1
ZNF300,IL6,1
ING4,SKP2,-1
ESR1,CCNA2,1
KLF4,CDKN1B,1
NFKB1,MMP13,1
WT1,CCNE1,-1
YBX1,ERBB2,1
NFKB1,NOX5,1
CREM,FASLG,-1
NFKB1,PLAUR,1
TP53,GADD45A,-1
PROX1,TWIST1,-1
JUN,FOSL1,1
HIF1A,LDHA,1
PAX5,CCND1,-1
YBX1,MYCN,1
PPARGC1A,CYP7A1,1
SP2,CEACAM1,-1
FOXO1,EGR1,-1
RUNX3,CCND1,-1
CEBPB,CDKN1A,1
KLF4,CCNB1,-1
FOXA1,BCL2,-1
RELA,KLK3,-1
LMO2,FGF2,1
SPI1,CCL2,1
SP3,LOR,-1
SOX6,CCNA2,-1
JUN,APOC3,1
NFKB1,CCND2,1
ELL,CDKN1A,-1
PAX5,MET,1
NFKB1,ICAM1,1
STAT3,MUC1,1
TCF3,CDK6,-1
HOXA10,TP53,1
EP300,VEGFA,1
HIC1,VEGFA,-1
TBX21,IFNG,1
JUN,VDR,1
GATA2,WT1,1
TBX21,IL4,-1
HDAC9,CDKN2A,1
HIF1A,BAX,1
NFKB1,TNFAIP3,1
NR3C1,BRCA1,1
ETS1,EGR1,1
KLF4,BIRC5,-1
SPDEF,MUC2,1
SP1,CD14,1
FOS,PTGS2,1
ATF4,SIRT2,-1
FOXA1,SERPINC1,-1
TP53,CCND1,-1
EP300,WT1,1
NFE2L2,SOD2,1
NFE2L2,SOD1,1
RELA,CCNB1,1
HDAC5,WT1,-1
ETS1,NKX3-1,1
RELA,THBD,-1
NR1I2,FOSL1,1
ARNT,JUN,-1
BRCA1,CTSD,-1
SP1,CDK4,1
NR3C1,STAT1,-1
NFKB1,GSTP1,1
SP1,CDK6,-1
FOXO4,BCL6,1
RXRA,ABCA1,1
PPARG,FASLG,1
TWIST1,ESR1,-1
CEBPA,CCL2,1
IRF2,CXCR4,-1
IRF1,TNFSF10,1
SIRT1,CTNNB1,-1
RARA,CDKN1A,1
SIRT1,ABCB1,1
NCOR1,SNAI2,-1
MYC,JUNB,-1
RELA,SERPINE1,1
TP53,MUC2,1
SP1,FOXM1,1
HDAC1,MMP9,-1
E2F1,VEGFA,-1
PTTG1,MYC,1
JUND,NOS2,1
BRCA1,ATM,1
NFKB1,CXCL8,1
ESR2,TFF1,1
ILF3,IL2,1
SOX6,CTNNB1,-1
NFKB1,CXCL1,1
YY1,MUC4,-1
E2F1,PCNA,1
ATM,BCL2,-1
WT1,DNMT3A,1
SPDEF,MMP9,-1
USF2,THBS1,1
HDAC1,KLF4,-1
GATA3,EPO,-1
JUNB,IL4,1
EGR1,CCND1,1
SMAD7,MYC,1
ETV6,CDKN1A,1
HDAC7,ESR1,-1
RUNX2,VEGFA,1
NR5A1,CYP17A1,1
HIF1A,NR4A1,1
KLF5,CCND1,1
NFE2L2,HMOX1,1
FOXO3,BCL6,1
JUN,IL12B,1
NFKBIA,NFKB1,-1
BRCA1,SIRT1,1
RELA,TBP,1
E2F4,BRCA1,-1
GATA2,FCER1A,1
STAT1,STAT2,1
SP1,AHR,-1
CREB1,CYP19A1,1
HDAC1,BCL2A1,1
NFKB1,JUNB,1
FOS,SPI1,-1
ATF1,IL10,1
SP1,SP3,1
CREB1,SNAI2,-1
CREB1,SNAI1,-1
RELA,TBX21,1
E2F1,MUC4,1
SP1,APEX1,-1
RELA,CEACAM1,1
DDIT3,CEBPA,-1
PPARG,CCNE1,-1
FOS,NFKB1,-1
SNAI2,CDH1,-1
TP53,KLF2,-1
NFKBIA,RELA,-1
AR,PTGS2,-1
MYC,CCND2,1
WT1,CYP19A1,-1
FOXO1,TNFSF10,1
ELK1,EZH2,1
POU2F1,IL2,1
MYB,LMO2,1
IRF1,SOCS1,1
RELA,EGFR,1
MTA1,SMAD7,-1
NR1H4,RELA,1
SP1,LOR,1
NFYB,FXR2,1
TWIST1,NR2F1,1
SREBF2,LDLR,1
SP1,SLC19A1,1
ZNF382,MITF,-1
FOS,CREM,1
NCOR1,IGFBP3,-1
VHL,IGF1R,-1
HDAC9,PRL,-1
NF1,AFP,-1
AIP,NFKB2,-1
ATF2,APOC3,1
STAT3,TERT,1
SP1,GAST,1
SP1,EAPP,1
BCL6,XBP1,-1
PAX5,FHL2,1
APEX1,RELA,1
POU1F1,PRL,1
ESR1,CYP19A1,1
FOXA2,ABCA1,-1
SIRT1,MMP9,-1
AR,EP300,1
STAT3,BCL2L1,1
ING4,BAX,1
JUN,PGR,-1
IRF1,IFNA1,1
PROX1,CYP7A1,-1
DR1,NR1I2,1
RELA,BCL2L1,1
TBP,NF1,-1
E2F1,MYCN,1
HNF1A,UGT1A1,1
STAT1,NR1H4,-1
IRF7,CD80,1
STAT3,DNMT1,1
ZEB1,MUC1,-1
EP300,PTGS2,1
CEBPD,SOD1,1
SIRT1,CFLAR,1
CREB5,STAT1,-1
SMAD4,APOC3,1
HEY1,GATA6,-1
HEY1,GATA4,-1
FLI1,IL10,1
GATA3,CXCL1,-1
SRF,MMP14,1
CEBPB,ABCB1,1
STAT6,HSD3B2,1
BRCA1,MDM2,1
PRDM1,CIITA,-1
CTNNB1,JUN,1
JUN,RARB,1
EGR1,MMP14,1
STAT3,PTGS2,1
TP53,DNMT1,-1
ING1,BAX,1
STAT3,MYC,1
SPI1,IL1B,1
REL,IL1B,1
E2F1,CDK1,1
SOX2,RHO,-1
STAT3,MUC4,1
ATF3,DDIT3,1
PAX5,TERT,1
HIF1A,EPO,1
EPAS1,VEGFA,1
NR3C1,ELK1,-1
SP1,TERT,1
MECP2,ESR1,-1
FOXL2,CYP19A1,-1
RELA,NOX5,1
STAT3,CDK4,1
STAT1,IFNB1,-1
ETV4,ETS1,1
GATA4,NOS3,1
FOSL2,FOSL1,1
HIF1A,ABCB1,-1
SP1,EGR1,1
IRF1,MYB,-1
RELA,MAT2A,1
ETS1,WT1,1
ING4,CXCL8,-1
EP300,DNMT1,1
WT1,IGF1R,-1
NKX3-1,CCND1,-1
HSF1,CDKN1A,-1
JUN,SMAD7,1
STAT3,EGFR,1
MYCN,HDAC2,1
HES1,PTEN,-1
NCOR1,PPARG,-1
BRCA1,ESR1,1
ZNF148,VIM,-1
FOXO3,AR,1
NFKB1,IFNA1,1
SOX9,NR5A1,1
SPDEF,PLAUR,-1
GATA2,AR,1
SP4,YY1,1
MYC,ODC1,1
ETS1,PF4,1
GATA1,CYBB,1
NR4A1,E2F1,1
NANOG,CDX2,-1
HDAC1,EGFR,-1
ELL,MDM2,-1
TP53,PTEN,-1
SP1,FXR2,1
PPARG,CCND1,-1
RELA,CXCL1,1
OTX2,PAX6,1
IRF1,IRF2,1
FOXA1,CFTR,-1
SOX10,COL11A2,1
EGR1,FAS,-1
PAX6,MET,1
E2F1,PDK4,-1
VDR,CDKN1B,1
MYC,CCNE1,1
MTA1,CDKN2A,1
RELA,TNFRSF10B,1
RELA,SIRT1,1
KAT2B,CDK2,-1
SMAD3,MMP9,-1
STAT3,VEGFA,1
NR4A1,MMP2,1
PPARG,PTGS2,-1
RELA,MMP9,1
RB1,E2F3,-1
CTNNB1,CCND1,1
SP1,MMP14,1
JUN,CDKN1A,-1
KLF4,IL1B,-1
FOXM1,CCNB1,1
SMAD3,TERT,-1
SP1,CCND2,1
NFYB,CDKN1B,1
PPARG,EGFR,-1
RUNX2,TWIST1,1
PARP1,E2F1,1
E2F1,ABCB1,1
E2F1,ETV4,1
USF2,CEACAM1,1
WT1,TERT,-1
SP1,HMGA1,1
SRF,FOS,1
NR3C1,CDK4,-1
BRCA1,IRF7,1
NR3C1,CDK6,-1
WT1,CDH1,-1
ZNF300,MYC,1
HOXB7,MMP2,1
SP1,TNFRSF10B,1
SIRT1,PPARG,-1
STAT3,DDIT3,-1
JUNB,EGFR,1
HDAC1,TFF1,-1
AR,MUC1,-1
KLF6,PTTG1,-1
KLF4,IL6,1
EGR1,EGFR,1
RELA,MMP2,1
NR5A1,SRY,1
HIPK2,VIM,-1
AR,REST,-1
NR3C2,CD40,1
UHRF1,RB1,1
MTA1,BCL2L1,1
ING4,CCND1,-1
ETS2,CSF3R,1
E2F1,MYC,1
MYCN,CTSD,1
STAT3,FAS,-1
DR1,TBP,-1
RB1,FOS,-1
NR3C1,BAX,1
ETS1,FLI1,1
USF2,TGFB1,1
RELA,PTEN,1
AR,PTEN,1
STAT1,MMP13,-1
RELA,PTHLH,1
BRCA1,CYP19A1,1
UHRF1,ABCB1,-1
NKX3-1,AR,-1
ZBTB16,CCNA2,-1
ATF2,CCND1,1
SP3,KLK3,1
TP53,MYC,-1
NR1I2,THBS1,1
STAT3,TP63,1
ATF2,ATF3,1
E2F1,RB1,1
NFKB1,SNAI1,1
HNF4A,AFP,1
NFKB1,IL2,1
MYB,ICAM1,-1
SIRT1,XPC,-1
NR1H4,CYP7A1,-1
STAT1,CDKN1A,1
VDR,IL2,-1
NFKB1,IL6,1
JUN,EGFR,1
USF2,ABCA1,1
STAT1,IL6,-1
PITX1,IRF7,-1
CEBPA,BCL2,-1
VDR,IL6,-1
GATA4,HDAC9,-1
HNF4A,SERPINC1,1
SP3,EAPP,-1
TFAP2A,MUC4,-1
NR5A1,CYP19A1,1
GATA3,ERG,1
STAT1,CXCL10,-1
NFKB1,CD40,1
SMAD3,APOC3,1
SP3,COL11A2,1
TP63,VDR,1
PITX1,TERT,-1
NFKB1,IL12B,1
FOS,FAS,1
NFIC,CCL2,1
RELA,TFF1,1
RARA,ICAM1,1
HDAC1,CDKN1A,-1
DNMT1,VEGFA,1
SOX6,CDKN1A,1
STAT3,VDR,-1
ETS1,ERG,1
SOX9,AR,1
CREM,CREB1,-1
ERCC2,CDKN1A,1
RELA,TNFSF10,1
GATA1,WT1,1
TWIST2,RBL2,-1
BRCA1,CXCL1,-1
NFKB1,EGFR,1
EZH2,SNAI2,-1
ZNF300,CDKN1B,-1
SMAD3,VDR,1
RELA,GATA3,1
HNF4A,MMP7,1
SOX2,VIM,1
MSC,FOXP3,1
HIF1A,CXCR4,1
PGR,RELA,-1
USF1,SERPINE1,1
PML,IFNB1,1
MYC,HDAC2,1
FOXO3,CCND2,-1
RELA,TNFAIP3,1
TCF3,CDKN1A,1
NFKB1,SERPINE1,1
SMAD3,CCND2,1
HDAC1,PCNA,-1
JUN,MAT2A,1
GATA1,SPI1,-1
NFKB1,LPL,1
STAT3,SOCS1,1
RELA,CXCR4,1
ABL1,BCL2,-1
ABL1,BCL6,-1
NFKB1,MMP1,1
PML,TNFSF10,1
NFKB1,MMP9,1
WT1,SRY,1
JUN,LDHA,1
PARP1,FOXO1,-1
JUN,CD82,1
HDAC1,BRCA2,-1
RELA,VCAM1,1
E2F1,TP73,1
BRCA1,IFNA1,1
TFAP2A,SLC19A1,1
PARP1,BRCA2,-1
MTA1,SNAI1,1
HMGA1,BRCA1,-1
NFKB1,GATA3,1
NFKB1,CCL2,1
CTNNB1,RB1,-1
TWIST1,FOS,1
RELA,ICAM1,1
NFKB1,TNFRSF10B,1
NFKB1,MUC2,1
STAT3,TIMP1,1
USF1,CXCR4,1
KLF5,CXCR4,1
EGR1,TNF,1
MYB,WT1,1
CEBPE,SPI1,-1
HDAC4,MMP13,-1
CEBPA,STAR,1
HOXA10,MYCN,-1
HDAC2,SNAI2,-1
SMARCA4,FOS,-1
FOXP2,PLAUR,1
ATF2,RELA,1
E2F1,MCL1,-1
FOXA2,CFTR,-1
AR,KLK3,1
RB1,E2F1,-1
SIRT1,CCND1,-1
FOSL2,TIMP1,-1
RB1,BRCA1,-1
ATF5,CREB1,1
SP2,HSD17B2,-1
VDR,CYP7A1,-1
FOXD3,MITF,-1
ABL1,FOXO3,1
BCL6,HDAC7,-1
CLOCK,NR0B2,1
MEF2D,JUN,1
EZH2,MMP2,1
SMARCA4,CDKN1A,1
RELA,CD80,1
TBP,IL6,-1
PPARG,CIITA,-1
ATF2,NOS3,-1
RARA,THBD,1
ATF5,BCL2,1
USF1,CYP1A1,-1
NR4A1,CDKN1B,1
USF1,PF4,1
EP300,CYBB,-1
TP53,EZH2,-1
HDAC4,WT1,-1
AR,BTG2,-1
FLI1,MMP1,-1
CREBBP,HOXA10,1
ETS1,PTHLH,1
ATF4,CEBPB,1
PROX1,CCNE1,1
SMAD3,CDKN1A,1
STAT3,IL10,1
DR1,PTGS2,1
NANOG,AFP,-1
MTA1,EGFR,1
FOS,MMP1,1
NR0B1,CYP19A1,-1
SNAI2,VDR,-1
HDAC9,ESR1,-1
SP1,PTHLH,1
FOS,CCND1,-1
KLF4,CDKN1A,1
KAT2B,SMAD4,1
EZH2,RUNX3,-1
MYC,GATA1,-1
MYC,GATA4,1
SMARCA4,CCND1,-1
HIF1A,LEP,1
FOXO3,TXNIP,1
SMAD3,CYP17A1,-1
IRF1,CDK4,-1
SP2,MMP9,-1
POU2F1,VCAM1,-1
TP53,FOXM1,-1
SP1,PTTG1,1
NR4A1,MDM2,-1
BCL6,CCND2,-1
ARNT,CYP1A1,1
STAT1,NOS2,1
RELA,BAX,-1
FOXM1,MYC,1
NR4A1,HSD3B2,1
PAX8,E2F1,1
HDAC9,TNFRSF10B,-1
FOXO4,TNFSF10,1
RELA,PROX1,1
MTA1,ESR1,-1
GATA2,PPARG,-1
STAT1,CEBPE,1
NFKB2,CCND2,1
SPI1,CYBB,1
JUN,SPI1,1
KLF8,CDH1,1
MYB,MYC,1
JUN,RARA,-1
ZBTB7A,FOS,-1
MYC,CFLAR,-1
STAT3,CDKN1A,1
NR5A1,HSD3B2,1
SP1,MMP2,1
WT1,VDR,1
SP1,MMP9,1
HIPK2,HIF1A,-1
YBX1,MET,1
ETS1,CA9,-1
POU2F1,GADD45A,1
FOSL2,MDM2,1
JUN,ATF3,1
PPARG,MYC,-1
RELA,TNC,1
PGR,ESR1,1
PAX5,BCL2,-1
SMAD4,SERPINE1,1
SP1,NFKB1,1
TP53,HNF4A,-1
RELA,SELE,1
STAT3,PRDM1,1
SALL4,CDH1,-1
PAX5,XBP1,-1
SRF,CREB1,-1
AHR,CYP1A1,1
JUN,MYC,-1
NFYA,SP3,1
ATF2,JUN,1
KAT2B,ZEB1,-1
EAPP,ABCB1,1
CTNNB1,MYC,1
JUNB,CD82,1
USF1,ABCA1,1
FOXA2,CDH1,1
CEBPA,LEP,1
STAT3,ZFP36,1
ZNF382,JUN,-1
HDAC2,CDH1,-1
KLF6,ATF3,1
STAT3,NOX5,1
IRF1,CCNE1,-1
SP3,FOXP3,-1
KLF10,EGFR,-1
SMAD3,PTHLH,1
RUNX3,MMP9,-1
APC,ODC1,-1
HDAC1,ABCB1,-1
JUN,CCND1,1
PPARA,NFKBIA,1
SMARCA4,CDKN2A,1
IRF1,CIITA,1
ING1,TP53,1
EGR1,KLK3,-1
CEBPA,SERPINC1,1
SMAD4,CDKN1A,1
PPARA,PDK4,1
ATF3,GDF15,1
DDIT3,ATF2,-1
EP300,THBD,-1
AHR,IL6,1
IRF7,ATF4,1
STAT5A,IFNG,1
DDIT3,ATF5,-1
LEF1,MITF,1
ZBTB16,BCL2,-1
NFKB1,CCND1,1
FLI1,ERG,1
HMGA1,POU1F1,1
TP53,FGF2,-1
RELA,CFTR,1
MEN1,GAST,-1
CEBPB,STAR,1
PITX1,HES1,-1
ING4,SPP1,-1
SPI1,GATA1,1
MSC,MMP2,1
TFAP2C,CDKN1A,-1
CREB1,MITF,1
IRF1,CXCL10,1
CDX2,CDKN1A,1
TP53,EGFR,1
CREB1,HMOX1,-1
MYCN,BIRC5,1
DNMT1,CDKN2A,-1
RELA,TWIST1,1
TNFAIP3,RELA,-1
GATA3,IL5,1
HDAC1,SNAI2,-1
RUNX3,MYC,-1
EGR1,EP300,1
ATF3,LDLR,-1
NR3C1,NFKB1,-1
EGR1,HIF1A,1
ATF4,IRF7,-1
ING1,AFP,-1
IRF2,CIITA,1
ESR1,SERPINE1,1
CEBPA,CSF3R,1
RELA,NFKB1,1
ZFP36,IL6,-1
KLF6,CDKN1A,1
SP3,ABCA1,-1
IRF9,CDKN1B,1
IRF9,CDKN1A,1
RELA,SNAI1,1
RELA,IL1B,1
TP53,CDK1,-1
ZFP36,IL2,-1
HDAC1,CCND2,-1
CREM,CCNA2,-1
E2F1,SKP2,1
TP53,CCNB1,-1
NFKB1,ALOX5,-1
FOXO1,CXCR4,1
CEBPB,GDF15,1
KLF4,THBD,1
SP1,MUC2,1
PPARA,MMP9,-1
EP300,NR1H4,-1
YY1,FAS,-1
FOXL2,CCND2,-1
CEBPB,IL1B,1
SP1,HDAC4,1
KLF4,CD14,1
EP300,PCNA,-1
JUN,CXCL8,1
SP1,CREM,1
IRF3,IFNB1,1
JUN,LOR,1
EGR1,ABCB1,1
PPARG,ICAM1,-1
TBP,BCL2,-1
HDAC5,MEF2A,-1
YBX1,CCNB1,-1
BTG2,CCND1,-1
REST,STAT1,-1
NFKB1,TFF1,1
ATF2,IFNG,1
RELA,IL10,1
TP53,AFP,-1
FHL2,CCND1,-1
RELA,MMP13,1
IRF1,FOXP3,-1
TWIST1,RUNX2,-1
PGR,BCL2,1
HDAC3,CDKN2A,-1
SP1,SKP2,1
RELA,AR,-1
VDR,SKP2,-1
ZEB1,CDH1,-1
TSC22D3,FOXO4,-1
TSC22D3,FOXO3,-1
TWIST1,ICAM1,1
SOX9,CDKN1A,1
TP53,CTSD,1
NFKB1,BRCA2,1
USF1,CYP19A1,-1
MDM2,DNMT3A,1
ESR1,RARA,1
ETS1,ABCB1,1
HDAC3,MMP2,-1
ELK1,FOSL1,1
ETV4,MMP14,1
ZNF382,NFKB1,-1
STAT1,GAST,1
ELK1,TNFRSF10B,1
TWIST2,ATM,1
DNMT1,CDH1,-1
YY1,EGFR,1
WT1,JUN,1
NFKB1,FOXP3,1
POU2F1,TK1,1
LMO2,ERG,1
NFKB1,VCAM1,1
USF2,PF4,1
NFKB1,MAT2A,1
KLF6,MMP9,-1
PPARA,APOC3,-1
MEF2C,JUN,1
JUN,DDIT3,1
ATF4,PLAU,1
HDAC1,E2F1,-1
JUN,CREM,1
NR3C1,UGT1A1,1
SP1,DNMT1,1
CREB1,PTGS2,1
ATM,FAS,1
PARP1,BCL2,-1
KLF5,BIRC5,1
AR,EGFR,1
IRF9,CCND2,-1
ATM,FOXM1,1
ERG,VIM,1
STAT3,JUNB,1
USF1,PTGS2,-1
CEBPA,MYC,-1
PITX1,IFNA1,-1
SP1,RELA,1
SP4,ERBB2,1
RBL1,TFDP1,-1
RELA,FAS,1
SP3,IGFBP3,1
NF1,TP53,1
ESR1,ZEB1,1
TAL1,MYB,1
SIRT1,HIF1A,1
KLF4,GDF15,-1
HDAC1,ESR1,-1
NFKB1,YY1,-1
E2F1,IRF3,-1
SIRT1,ICAM1,-1
GATA1,PF4,1
SRF,FOSL1,1
FOXD3,RARB,1
ESR1,PMAIP1,1
STAT3,FGF2,1
BRD7,E2F3,-1
CTCF,MYC,-1
FOXO1,IL6,1
TP53,MET,-1
SATB1,GATA3,1
TP53,BRCA1,-1
NFKB1,PLAU,1
POU1F1,VDR,1
YY1,CREBBP,-1
RELA,MUC2,1
RELA,ALOX5,-1
PDX1,INS,1
BRCA1,DDIT3,1
ZEB1,BCL6,-1
EP300,VCAM1,1
HDAC4,CDKN2A,-1
USF1,CTSD,1
ETV4,MUC4,1
HOXB7,VEGFA,1
EZH2,CCND1,1
FOXP3,BRCA1,-1
PML,TNFAIP3,-1
RB1,RBL1,-1
TFAP4,MDM2,-1
SREBF1,PDX1,-1
AR,CTNNB1,1
HIPK2,MEF2C,-1
SNAI1,HBEGF,1
GLI2,TNFRSF10B,-1
PROX1,IFNG,-1
ZBTB7A,MYC,-1
TWIST1,CDH1,-1
JUN,CCL2,1
TP63,TCF4,1
LMO2,LEF1,-1
NANOG,GATA2,-1
SOX9,COL11A2,1
NANOG,GATA4,-1
NANOG,GATA6,-1
JUN,CYP19A1,-1
IRF7,CXCL10,1
NR1H4,NFKB1,1
NR1H4,VEGFA,1
NFYB,SOX18,1
SP4,NFKB1,1
WT1,ODC1,1
NFKB1,PTEN,1
HOXB7,FGF2,1
TWIST1,RBL2,-1
HDAC2,ALOX5,1
EP300,CCNE1,1
NFKB1,EGR1,-1
ATM,TNFRSF10B,-1
STAT3,BCL2,1
SP1,PLAUR,1
GLI2,MUC5AC,1
HIF1A,VEGFA,1
CREB1,MUC4,1
RELA,IFNG,1
STAT6,FOS,1
KLF6,NOS2,1
STAT1,PPARA,1
YY1,EPAS1,-1
ZNF300,CXCL8,1
FHL2,CDKN1A,1
MEF2C,NR4A1,-1
FHL2,CDKN1B,1
KLF10,SERPINE1,1
PGR,DUSP1,1
MYCN,ABCB1,-1
SP2,DNMT3A,1
SOX6,CDK4,-1
HIC1,E2F1,-1
STAT1,PML,1
HDAC1,IGFBP3,1
CTNNB1,VIM,1
ATF2,IFNB1,1
VHL,HIF1A,-1
EGR1,PLAUR,1
NR1I2,UGT1A1,1
USF1,TGFB1,1
SP1,FASLG,1
E2F1,UHRF1,1
FOSL2,BCL6,1
TP53,PAX5,1
ING4,BCL2,-1
ETS1,PARP1,1
SP1,ERBB2,1
PPARA,TXNIP,-1
SATB1,BCL2,1
HIF1A,CCND1,-1
PAX5,TIMP1,1
NFKB1,CTCF,-1
BTF3,ATM,1
STAT3,SALL4,1
PTTG1,CDK1,1
VDR,CD14,1
YBX1,CDH1,1
VHL,CXCR4,-1
CEBPB,PTGS2,1
RELA,IL12B,1
NFKB1,TNF,1
NFKB1,TNFSF10,1
TP53,E2F1,-1
HDAC2,CXCL8,-1
APC,NOS2,1
ERG,ICAM1,-1
SMAD3,SMAD7,-1
TP53,IGFBP3,1
NR1I2,BCL2,1
RELA,MMP1,1
JUND,PTGS2,1
GLI1,TNFRSF10B,-1
EGR1,AR,-1
HDAC4,CDKN1A,-1
YY1,HSD3B2,1
HDAC9,MEF2A,-1
HNF4A,CEACAM1,1
RELA,PDK4,-1
ATM,SP1,-1
GLI2,FAS,-1
TP53,UHRF1,-1
HDAC4,PTGS2,1
SOX17,FN1,-1
JUN,CSF1,1
NFKB1,THBD,-1
NFKB1,CCNB1,1
XBP1,ESR1,1
APEX1,NFKB1,1
CDX2,MUC2,1
EGR1,IL6,-1
WT1,MYCN,-1
RARA,MUC5AC,-1
RELA,IL2,1
ERG,FGF2,-1
FOXA1,ABCA1,-1
EZH2,APC,-1
NFKB1,AR,-1
KLF4,NANOG,1
TWIST2,GDF15,1
SP3,MYCN,1
HDAC1,CD44,-1
CEBPD,PPARG,1
RUNX3,ING4,1
REL,BCL2A1,1
EGR1,LDLR,1
SP1,MTA1,1
MEN1,TERT,-1
YBX1,MMP13,-1
ERG,CXCL8,-1
SP1,PGR,1
HDAC1,TP53,-1
NFKB1,PDK4,-1
NFKB1,PROX1,1
HDAC9,MMP13,1
CREB1,IFNG,1
SALL4,PTEN,-1
SIRT2,CDKN1A,-1
CEBPB,CSF3R,1
USF2,APC,1
MITF,BEST1,1
HIF1A,APEX1,-1
HDAC7,MEF2D,-1
HDAC7,MEF2C,-1
HDAC7,MEF2A,-1
NR3C1,CDKN1A,1
NR3C2,EGFR,1
YY1,ERBB2,1
ILF3,BIRC5,1
STAT3,MCL1,1
ZFHX3,AFP,-1
HMGA1,TWIST1,1
STAT3,NANOG,1
TP53,E2F3,-1
TFDP1,CDK1,1
MYC,BRD7,-1
NR1I2,BCL2L1,1
NFKB1,MMP2,1
MEN1,JUND,-1
NFKBIA,IFNB1,-1
ATM,GADD45A,1
PAX5,MMP1,-1
SP1,TK1,1
DDIT3,SIRT2,-1
DDIT3,SIRT1,-1
STAT1,TP53,1
PAX6,PROX1,1
EZH2,TWIST1,-1
PAX8,TP53,-1
EP300,TP73,1
ETS1,IL5,1
NFKB1,CEACAM1,1
ETS1,IL2,-1
TFDP1,PCNA,1
CLOCK,STAR,1
TFDP1,TP53,-1
TP53,BRCA2,-1
NFKB1,PTHLH,1
SP3,HSD17B2,1
NR1I2,CCL2,-1
IRF2,IFNB1,1
EGR1,PTGS2,-1
PML,EP300,1
HDAC1,ICAM1,1
ELL,BAX,-1
TCF4,VIM,1
USF2,CXCR4,1
TP53,GSTP1,1
CEBPD,CXCL1,1
HMGA2,COL11A2,1
SP1,AR,1
RELA,EGR1,-1
NFKBIA,TNFSF10,-1
NR0B1,PBX1,1
USF2,CYP19A1,-1
WT1,SMAD3,1
ERCC2,TP53,1
ETS1,CSF3R,1
HMGA2,POU1F1,1
NFKB1,CDK4,1
YY1,TFAP2A,1
NFKB1,CXCR4,1
ETV4,TERT,1
ATF4,ATF3,1
BRCA1,IRF9,1
KLF5,CCNB1,1
NCOR1,ESR1,-1
TFAP2A,NR3C1,1
HMGA1,PTGS2,1
EGR1,FN1,1
EZH2,CIITA,-1
SIRT1,CDH1,-1
GLI1,MUC5AC,1
EPAS1,CA9,1
ZBTB16,SOX9,1
NFKB1,ABCA1,-1
SATB1,CDK4,1
HDAC1,TXNIP,-1
PPARA,PTGS2,1
REL,CCL2,1
NFIC,CYP1A1,-1
AIP,AHR,1
PRDM1,LMO2,-1
CDX2,APC,1
STAT5A,BCL6,-1
E2F1,HIC1,1
RELA,IFNB1,1
CREB1,IL10,1
FOSL2,NOS2,1
PTTG1,KDR,1
CREBBP,IRF1,1
MECP2,CCND1,-1
NFKBIA,ICAM1,-1
TP53,IGF1R,-1
RELA,YY1,-1
SIRT1,EZH2,-1
SPI1,IL5,1
BCL6,BCL2L1,-1
PTTG1,VEGFA,1
NFKB1,IRF7,1
NFKB1,IRF4,1
NFKB1,IRF1,1
HES1,E2F1,-1
RELA,IL6,1
MYC,LDHA,1
YBX1,CXCR4,1
HDAC1,SP1,-1
NFKB1,NOS3,1
NFKB1,NOS2,1
HIPK2,CDKN1A,1
PGR,IL10,-1
SRF,MMP2,1
ABL1,BAX,1
MYC,CDK6,1
RUNX3,TIMP1,1
FLI1,GATA1,1
GATA1,CEBPA,-1
E2F3,CDKN1A,1
NR3C1,CYP19A1,1
MEN1,CDKN1B,1
LMO2,NFATC1,1
HDAC5,YY1,1
CREM,IL2,-1
PGR,ERBB2,-1
STAT3,IRF1,1
MTA1,SNAI2,1
FLI1,FOXM1,1
ATF1,CFTR,1
FOXO1,TXNIP,-1
SP1,OPRM1,1
TAL1,MYCN,1
RELA,CD40,1
NFYA,FXR2,1
JUN,TNF,1
NFKB1,TBX21,1
LMO2,CDH1,-1
HOXA10,SNAI1,-1
FOXA2,PAX6,-1
WT1,EGFR,-1
HDAC2,SP1,-1
HDAC9,STAT6,-1
SMAD7,CDK1,-1
ETS1,PRL,1
WT1,MYC,-1
PPARD,LPL,1
JUN,PPARD,1
BCL6,CDKN1A,-1
NFYA,SOX18,1
JUN,HEY1,1
NR3C1,SRF,-1
MYCN,CIITA,-1
HDAC1,COL1A2,1
SP1,BRD7,1
IRF4,BCL6,-1
IRF1,E2F1,-1
FOXO4,CREB1,1
ZFP36,VEGFA,-1
EGR1,TP53,1
SP1,SERPINE1,1
AHR,CA9,-1
JUN,MMP1,1
JUN,MMP2,1
JUN,MMP7,1
JUN,MMP9,1
SP1,SOD2,-1
SP1,SOD1,1
JUNB,PTGS2,1
ARNT,CCNE1,-1
ETS1,MYB,1
MITF,HIF1A,1
PAX5,CDKN1A,1
SMAD7,TGFB1,1
HIF1A,HBEGF,1
NR1I2,RELA,-1
REL,IL6,-1
SP3,OPRM1,1
ATF4,VEGFA,1
PITX1,PRL,1
PAX5,PRDM1,-1
PML,BAX,1
CREBBP,CDKN1A,1
HOXB7,CCND1,1
KAT2B,CDKN1B,1
NFKB1,COL1A2,-1
ETS1,BAX,-1
BCL6,CD80,-1
PAX8,WT1,1
HDAC2,TNFSF10,-1
CIITA,SIRT1,-1
SIRT1,HSF1,1
ATF2,MMP2,1
ESR2,CDKN1A,1
STAT1,IFNG,-1
MYC,CDK4,1
HEY1,KDR,-1
RXRA,SERPINC1,1
TP53,CTNNB1,-1
MSC,IFNG,1
WWTR1,BAX,1
JUN,TERT,-1
AR,NKX3-1,1
JUN,TP53,-1
CEBPE,MYC,-1
STAT3,CCND1,1
SP1,EGFR,-1
TWIST2,MMP2,1
PML,EGFR,-1
PGR,E2F1,1
MYC,TFAP4,1
NFKB1,IFNB1,1
HDAC3,MYC,-1
TP53,PML,1
E2F1,CDKN1A,1
NCOR1,AR,1
HDAC1,EGR1,-1
NFKB1,CDH1,1
TCF4,ABCB1,1
KLF5,HIF1A,1
HIF1A,MET,1
USF1,SLC19A1,1
JUN,MEF2D,1
NFKB1,BCL2L1,1
FOXA1,NF1,1
RELA,FN1,1
ESR1,TFF1,1
TP53,MCL1,-1
SP1,CDKN1B,1
LMO2,ZEB1,-1
FOXO4,HIF1A,-1
RUNX3,HES1,-1
DNMT1,RB1,-1
PPARG,POU2F1,1
SP1,GSTP1,1
AR,ERBB2,1
HIF1A,FGF2,1
TFAP2C,ESR1,1
E2F1,DUSP1,1
PML,CDKN1A,1
TFDP1,CCNE1,1
ABL1,CSF1,1
NR0B2,E2F1,-1
ATM,DUSP1,1
SP1,MAT2A,1
TP63,KLF4,-1
SMAD3,TGFB1,-1
ERG,SPP1,1
KLF2,NOS3,1
TRERF1,CD40,-1
IRF7,IFNA1,1
SOX17,HNF4A,1
VHL,CDKN1B,1
SP1,CDKN2A,1
CLOCK,NR3C1,-1
IRF1,CEACAM1,1
BRCA1,HMGA2,-1
RELA,CDH1,1
STAT2,PTGS2,1
VHL,VEGFA,-1
KLF4,CDH1,1
HOXB7,CDKN1B,-1
SP1,HBEGF,1
EP300,MYC,-1
MYB,COL1A2,1
FLI1,IGFBP3,-1
EZH2,CDKN1A,-1
CEBPB,PRDM1,1
SPDEF,CDH1,1
DNMT1,BIRC5,-1
EGR1,EAPP,1
NFKB1,BCL2A1,1
GATA6,CYP17A1,1
NR5A1,PBX1,1
ERG,CXCR4,1
ZBTB16,CXCR4,1
ERCC2,BAX,1
AR,IGF1R,1
HDAC1,FOS,-1
HDAC1,CDH1,-1
PML,HIPK2,1
HIC1,SIRT1,-1
GLI2,BCL2,1
SREBF2,ABCA1,-1
TNFAIP3,JUN,-1
AHR,PCNA,1
AR,VEGFA,1
SPI1,FCER1A,1
HIF1A,AR,1
STAT6,PTGS2,1
GATA4,ERBB2,-1
KLF4,RARA,-1
GATA1,FCER1A,1
PPARGC1A,APOC3,1
STAT1,CIITA,1
JUN,MMP13,1
NR5A2,STAR,1
SP1,IL6,1
BRCA1,VEGFA,1
NFKB1,IL10,1
NR3C1,ETS1,-1
E2F1,CCNE1,1
NFKB1,CYP19A1,-1
RELA,CCND1,1
CDX2,CFTR,1
HDAC3,CXCR4,-1
NANOG,KDR,1
PAX8,NCAM1,1
HDAC4,RUNX2,-1
ZNF382,HMGA2,-1
SATB1,IL5,-1
STAT3,IFNG,-1
MYCN,CDKN1A,1
E2F1,MDM2,-1
E2F1,BCL2,1
ESR1,CDKN1A,1
ESR1,CDKN1B,-1
ESR1,TP53,-1
SP1,LEP,1
GLI1,FAS,-1
OTX2,IL6,1
RELA,GSTP1,1
NFYA,GADD45A,1
WT1,IGF1,-1
BRCA1,STAT1,1
BRCA1,STAT2,1
SMAD3,CYP7A1,-1
FOS,DDIT3,1
SMAD7,MET,1
HDAC2,DNMT1,-1
SNAI2,MMP9,1
YY1,TNFRSF10B,-1
VDR,HOXA10,1
HDAC3,ALOX5,1
NR1I2,ABCB1,1
CREB1,BCL2,1
HDAC4,IL10,-1
EGR1,PTEN,1
MYCN,SKP2,-1
FOXO3,SIRT1,1
STAT6,SELE,-1
REL,TNFAIP3,1
ARNT,CA9,1
RXRA,HSD17B2,1
HNF4A,CYP7A1,-1
ATF6,PDX1,-1
NANOG,KLF2,1
DNMT3A,IGFBP3,-1
PBX1,PF4,1
NFE2L2,CXCL8,1
STAT1,IL1B,1
EP300,IFNG,1
USF2,PDX1,1
NR0B2,PTGS2,1
ZNF148,SOX18,-1
PPARD,TIMP1,1
ESR2,BRCA2,-1
YY1,TP73,1
RELA,CYP19A1,-1
NR4A1,CCNA2,-1
USF1,CEACAM1,1
RELA,IRF7,1
NFYA,CDKN1B,1
E2F1,HSPA5,-1
NR3C1,ATF2,-1
STAT3,CCL2,1
RELA,BIRC5,1
RELA,IRF4,1
KLF4,ATF3,1
HDAC2,MUC5AC,-1
SREBF1,LDLR,1
FOXO1,AR,-1
FOXO3,FASLG,1
REL,SELE,1
NFKB1,BAX,-1
SIRT1,COL1A2,-1
POU2F1,IL4,-1
ATF1,MITF,1
EGR1,TCF4,1
SPI1,CD40,1
JUN,FAS,1
PARP1,SERPINE1,1
HIF1A,TWIST1,1
STAT3,TNFRSF10B,-1
NFYB,CCND2,1
PPARA,SREBF2,-1
ESR1,CCND1,1
MTA1,ARNTL,1
MECP2,IGFBP3,-1
NR2F1,DR1,-1
BTG2,KLK3,-1
MEF2A,JUN,1
STAT1,ICAM1,1
PROX1,NR1I2,-1
TWIST2,CD44,1
EP300,MMP9,1
EGR1,CDKN1A,1
FOXM1,CDKN2A,-1
STAT3,IL6,1
HDGF,VIM,1
GLI1,BCL2,1
VDR,CDH1,1
VDR,NCOR1,1
STAT1,MMP9,-1
NFKB1,TIMP1,-1
HSF1,HSPA4,1
RELA,PGR,-1
RELA,PLAUR,1
MYB,MAT2A,1
MTA1,NOS2,1
ESR1,VEGFA,1
NFKB1,FN1,1
RELA,NCAM1,1
TP53,BCL2,-1
MYCN,CD44,1
CTNNB1,MMP7,1
MYC,CDKN1A,-1
PPARA,SERPINE1,1
ABL1,CCND2,1
MSC,IL10,1
KAT5,STAT3,-1
EP300,EPO,1
NFKB1,BCL2,1
TCF4,CCND1,1
GLI2,SOCS1,1
SP1,WT1,1
TP53,NKX3-1,-1
HIF1A,VIM,1
PITX1,IRF2,-1
FOXM1,BTG2,1
HDAC3,JUN,-1
FOXM1,AR,1
SP1,CD44,1
NFE2L2,BRCA1,1
SP1,DNMT3A,1
ATM,BAX,1
TP53,CD82,1
TP53,HIPK2,1
KLF5,MMP9,1
ETS2,ERG,1
STAT3,TWIST1,1
BRCA1,GADD45A,1
SP4,RELA,1
NR5A1,NR0B1,1
JUND,IL6,1
PPARA,LPL,1
NPM1,MDM2,-1
ELL,E2F1,-1
SOX9,HES1,1
EZH2,CDKN2A,-1
STAT1,OPRM1,1
SP1,ABCB1,1
HSF1,IL1B,-1
STAT3,PPARA,1
IRF1,CDK1,-1
IRF1,CDK2,-1
HSF1,LDHA,1
CEBPA,SPP1,1
E2F1,CCND1,1
TP53,DUSP1,1
AR,RELA,-1
KLF6,CCND1,-1
ESRRA,NR2F1,-1
EZH2,TP53,-1
MYB,TK1,1
EGR1,GDF15,1
ESR1,JUNB,1
GATA2,GATA1,1
YY1,CFTR,1
YY1,APC,-1
STAT6,IL4,1
YY1,HSPA5,1
CEBPA,IGF1,1
NFKB1,CFLAR,1
ING1,CASP3,1
WT1,HBEGF,1
ATF6,NR0B2,1
SP1,TGFB1,1
TP53,MDM2,1
RELA,CXCL8,1
GLI1,SOCS1,1
HSF1,SERPINE1,1
NF1,MYC,1
TP53,ABCB1,-1
SP1,EPO,1
PML,CASP3,1
MYC,PMAIP1,1
SP1,LDLR,1
SIRT1,PAX6,-1
ELK1,MUC4,1
E2F1,PPARG,1
RBL1,BRCA1,-1
E2F1,SERPINE1,-1
CEBPB,IRF4,1
HDAC4,VCAM1,1
CREB1,JUN,-1
STAT1,PTGS2,1
SMARCA4,CDH1,1
VDR,IL10,-1
SOX6,CCND1,-1
TSC22D3,FOXO1,-1
MITF,PPARGC1A,1
TP53,FAS,1
MYC,CCND1,-1
WT1,IRF8,-1
E2F1,DNMT1,-1
HDAC3,IFNA1,-1
ZEB2,CDH1,-1
KLF4,ODC1,-1
FOXO4,SOD2,1
BCL6,MYC,1
TCF3,CDH1,-1
HEY1,PROX1,-1
SP3,RELA,1
SP1,COL11A2,1
NKX3-1,FOS,-1
IRF8,IL1B,1
LEF1,MMP7,1
FOXL2,STAR,-1
YY1,CTCF,1
KLF8,VIM,-1
NFKB1,FAS,1
HIF1A,SOCS1,1
NR0B1,STAR,-1
RELA,NOS2,1
NFIC,CYP17A1,1
HNF4A,LDLR,1
SP1,MUC5AC,1
HDAC3,GATA2,-1
TCF4,MITF,-1
IRF1,IFNG,1
STAT1,CD40,1
GLI1,CDK2,1
KAT2B,RB1,1
PPARG,CDKN1A,1
SP3,NFKB1,1
ATM,VEGFA,-1
ARNT,EPO,1
USF2,CTSD,1
ARNT,HIF1A,1
RELA,HBEGF,1
IRF1,BCL2,-1
STAT2,IRF1,1
AR,VIM,-1
ZFHX3,MUC5AC,-1
NRF1,FXR2,1
STAT3,STAT1,1
STAT3,MMP2,1
JUN,TNC,1
FOS,MMP9,1
RELA,IFNA1,1
SP1,SOCS1,1
FLI1,COL1A2,-1
MYC,VEGFA,1
PPARG,CFLAR,-1
PGR,FOXP3,-1
STAT1,HMOX1,1
RELA,SOD2,1
CIITA,MMP9,-1
SP1,IGFBP3,1
BRCA1,TFF1,-1
HDAC1,CD82,-1
SP1,FAS,1
E2F1,THBS1,1
YY1,CXCR4,-1
CREB1,IL6,1
NKX2-5,MEF2C,-1
TP53,CDK2,-1
SATB1,IL4,1
TP63,CDKN1A,1
MEF2D,CD14,1
PROX1,NR5A2,-1
ABL1,CDKN1A,1
ATF2,INS,1
SOX9,BEST1,1
BRCA1,CDKN1A,1
BRCA1,CDKN1B,1
NFKB1,BIRC5,1
RELA,IRF1,1
NFKB1,VEGFA,1
NR1I2,KLF6,1
WT1,AR,-1
PTTG1,CCNB1,1
STAT3,HMOX1,1
ARNT,CDK2,-1
OTX2,IGF1,1
ESRRA,SNAI1,-1
ESRRA,SNAI2,-1
ESR1,ZFHX3,1
HIF1A,TERT,1
ETS2,FLI1,1
NKX3-1,IGF1R,-1
VDR,IL12B,-1
RELA,CSF1,1
TSC22D3,CDKN1A,-1
BTF3,NFKB1,-1
ZFHX3,CDKN1A,1
ESR1,NRF1,1
HIF1A,CA9,1
HOXB7,EGFR,1
SALL4,ZEB1,1
NR4A1,TNF,-1
MITF,FOS,1
WT1,CD14,1
TP53,TERT,-1
RB1,VEGFA,1
POU2F1,CCND1,1
IRF1,IL10,1
OTX2,BEST1,1
NFKB1,CDKN1A,-1
RELA,NOS3,1
E2F1,BRCA1,-1
IRF8,CYBB,1
HMGA1,CD44,1
SP1,YY1,1
PRDM1,MYC,-1
TWIST1,ATM,1
SP1,VEGFA,1
TAL1,NFKB1,-1
HDAC1,PTGS2,1
NFKB1,CSF1,1
APC,PTGS2,-1
JUND,GAST,1
NFKB1,PTGS2,1
RUNX3,CDKN1A,1
SMAD3,SERPINE1,1
ING1,CDKN1A,1
